latitude, longtitude, data, type, value, color
"48.2867","-124.6203","2016-05-03T00:00","PM2.5","11","1"
"47.339802","-124.291801","2016-05-03T00:00","PM2.5","30","1"
"46.9772","-123.8317","2016-05-03T00:00","PM2.5","18","1"
"42.1617","-123.64835","2016-05-03T00:00","PM2.5","11","1"
"48.115","-123.436434","2016-05-03T00:00","PM2.5","26","1"
"43.2266","-123.36479","2016-05-03T00:00","PM2.5","12","1"
"48.4292","-123.3583","2016-05-03T00:00","PM2.5","20","1"
"39.411743","-123.352661","2016-05-03T00:00","PM2.5","28","1"
"42.434149","-123.348466","2016-05-03T00:00","PM2.5","5","1"
"44.5884","-123.2673","2016-05-03T00:00","PM2.5","8","1"
"42.290094","-123.2321","2016-05-03T00:00","PM2.5","10","1"
"44.067223","-123.14135","2016-05-03T00:00","PM2.5","20","1"
"47.213551","-123.100807","2016-05-03T00:00","PM2.5","15","1"
"44.61569","-123.091457","2016-05-03T00:00","PM2.5","12","1"
"44.0263","-123.08377","2016-05-03T00:00","PM2.5","14","1"
"43.7995","-123.0535","2016-05-03T00:00","PM2.5","18","1"
"44.046683","-123.017736","2016-05-03T00:00","PM2.5","15","1"
"44.943114","-123.005934","2016-05-03T00:00","PM2.5","13","1"
"45.528501","-122.972398","2016-05-03T00:00","PM2.5","12","1"
"49.2794","-122.9711","2016-05-03T00:00","PM2.5","28","1"
"46.664089","-122.967323","2016-05-03T00:00","PM2.5","13","1"
"46.1394","-122.9619","2016-05-03T00:00","PM2.5","10","1"
"42.31411","-122.87923","2016-05-03T00:00","PM2.5","8","1"
"49.28083","-122.84917","2016-05-03T00:00","PM2.5","21","1"
"47.029301","-122.821503","2016-05-03T00:00","PM2.5","14","1"
"38.403765","-122.818294","2016-05-03T00:00","PM2.5","45","1"
"45.4702","-122.8159","2016-05-03T00:00","PM2.5","11","1"
"42.623225","-122.810158","2016-05-03T00:00","PM2.5","9","1"
"48.129101","-122.7789","2016-05-03T00:00","PM2.5","19","1"
"45.768531","-122.7721","2016-05-03T00:00","PM2.5","11","1"
"44.3958","-122.7305","2016-05-03T00:00","PM2.5","11","1"
"48.294399","-122.660004","2016-05-03T00:00","PM2.5","12","1"
"47.592675","-122.627397","2016-05-03T00:00","PM2.5","15","1"
"48.52059","-122.61428","2016-05-03T00:00","PM2.5","57","2"
"45.496641","-122.602877","2016-05-03T00:00","PM2.5","10","1"
"45.64336","-122.58737","2016-05-03T00:00","PM2.5","8","1"
"48.465401","-122.559998","2016-05-03T00:00","PM2.5","10","1"
"37.9722","-122.5189","2016-05-03T00:00","PM2.5","27","1"
"43.74436","-122.480506","2016-05-03T00:00","PM2.5","8","1"
"47.22634","-122.46256","2016-05-03T00:00","PM2.5","22","1"
"47.1864","-122.4517","2016-05-03T00:00","PM2.5","18","1"
"48.762699","-122.440201","2016-05-03T00:00","PM2.5","12","1"
"45.863899","-122.410889","2016-05-03T00:00","PM2.5","8","1"
"37.7658","-122.3978","2016-05-03T00:00","PM2.5","59","2"
"37.9604","-122.3571","2016-05-03T00:00","PM2.5","39","1"
"47.562","-122.3405","2016-05-03T00:00","PM2.5","19","1"
"48.410198","-122.337601","2016-05-03T00:00","PM2.5","11","1"
"49.021506","-122.326556","2016-05-03T00:00","PM2.5","13","1"
"47.5309","-122.3208","2016-05-03T00:00","PM2.5","24","1"
"47.597222","-122.319722","2016-05-03T00:00","PM2.5","45","1"
"47.8064","-122.3167","2016-05-03T00:00","PM2.5","11","1"
"47.568236","-122.308628","2016-05-03T00:00","PM2.5","27","1"
"47.140499","-122.299202","2016-05-03T00:00","PM2.5","13","1"
"40.4531","-122.2978","2016-05-03T00:00","PM2.5","32","1"
"38.3108","-122.295","2016-05-03T00:00","PM2.5","27","1"
"37.8148","-122.282402","2016-05-03T00:00","PM2.5","52","2"
"37.793624","-122.263376","2016-05-03T00:00","PM2.5","34","1"
"40.170917","-122.255667","2016-05-03T00:00","PM2.5","12","1"
"38.102507","-122.237976","2016-05-03T00:00","PM2.5","25","1"
"47.386101","-122.230202","2016-05-03T00:00","PM2.5","25","1"
"37.4828","-122.2022","2016-05-03T00:00","PM2.5","55","2"
"47.613","-122.2017","2016-05-03T00:00","PM2.5","12","1"
"48.055","-122.175797","2016-05-03T00:00","PM2.5","18","1"
"37.743061","-122.169907","2016-05-03T00:00","PM2.5","29","1"
"37.06315","-122.083097","2016-05-03T00:00","PM2.5","24","1"
"37.9383","-122.025","2016-05-03T00:00","PM2.5","20","1"
"39.2031","-122.0169","2016-05-03T00:00","PM2.5","38","1"
"36.985802","-121.993103","2016-05-03T00:00","PM2.5","19","1"
"38.3525","-121.9617","2016-05-03T00:00","PM2.5","8","1"
"37.3483","-121.8947","2016-05-03T00:00","PM2.5","52","2"
"37.338202","-121.849892","2016-05-03T00:00","PM2.5","49","1"
"39.76161","-121.84048","2016-05-03T00:00","PM2.5","19","1"
"37.687526","-121.784217","2016-05-03T00:00","PM2.5","39","1"
"38.53455","-121.7734","2016-05-03T00:00","PM2.5","21","1"
"38.2183","-121.77","2016-05-03T00:00","PM2.5","17","1"
"36.483299","-121.731903","2016-05-03T00:00","PM2.5","35","1"
"42.190296","-121.731369","2016-05-03T00:00","PM2.5","11","1"
"38.6619","-121.7278","2016-05-03T00:00","PM2.5","35","1"
"39.32756","-121.66881","2016-05-03T00:00","PM2.5","21","1"
"39.753889","-121.624444","2016-05-03T00:00","PM2.5","9","1"
"36.694698","-121.6222","2016-05-03T00:00","PM2.5","24","1"
"39.1389","-121.6175","2016-05-03T00:00","PM2.5","35","1"
"48.246799","-121.603104","2016-05-03T00:00","PM2.5","8","1"
"36.999571","-121.574684","2016-05-03T00:00","PM2.5","18","1"
"38.56844","-121.49311","2016-05-03T00:00","PM2.5","21","1"
"38.302591","-121.420838","2016-05-03T00:00","PM2.5","38","1"
"38.613804","-121.368007","2016-05-03T00:00","PM2.5","28","1"
"36.8442","-121.361099","2016-05-03T00:00","PM2.5","16","1"
"44.063916","-121.312554","2016-05-03T00:00","PM2.5","-999","0"
"38.89","-121.3","2016-05-03T00:00","PM2.5","33","1"
"37.9508","-121.2675","2016-05-03T00:00","PM2.5","37","1"
"38.7458","-121.2653","2016-05-03T00:00","PM2.5","31","1"
"40.301899","-121.235001","2016-05-03T00:00","PM2.5","15","1"
"38.494475","-121.211131","2016-05-03T00:00","PM2.5","8","1"
"38.683304","-121.164457","2016-05-03T00:00","PM2.5","23","1"
"36.209202","-121.126099","2016-05-03T00:00","PM2.5","43","1"
"38.937801","-121.103897","2016-05-03T00:00","PM2.5","39","1"
"39.234402","-121.055603","2016-05-03T00:00","PM2.5","9","1"
"37.6583","-120.9936","2016-05-03T00:00","PM2.5","24","1"
"39.1003","-120.9528","2016-05-03T00:00","PM2.5","13","1"
"39.9369","-120.9478","2016-05-03T00:00","PM2.5","11","1"
"44.299787","-120.844773","2016-05-03T00:00","PM2.5","8","1"
"46.375431","-120.729317","2016-05-03T00:00","PM2.5","15","1"
"38.2019","-120.680603","2016-05-03T00:00","PM2.5","25","1"
"35.494556","-120.666203","2016-05-03T00:00","PM2.5","23","1"
"35.04676","-120.58777","2016-05-03T00:00","PM2.5","25","1"
"35.02079","-120.56389","2016-05-03T00:00","PM2.5","14","1"
"46.9936","-120.545","2016-05-03T00:00","PM2.5","10","1"
"46.594952","-120.512283","2016-05-03T00:00","PM2.5","14","1"
"39.808334","-120.471664","2016-05-03T00:00","PM2.5","26","1"
"34.637798","-120.456703","2016-05-03T00:00","PM2.5","29","1"
"34.9481","-120.4344","2016-05-03T00:00","PM2.5","28","1"
"42.189215","-120.353969","2016-05-03T00:00","PM2.5","7","1"
"47.43061","-120.34195","2016-05-03T00:00","PM2.5","9","1"
"46.380199","-120.332603","2016-05-03T00:00","PM2.5","14","1"
"48.4772","-120.1906","2016-05-03T00:00","PM2.5","17","1"
"39.3386","-120.170303","2016-05-03T00:00","PM2.5","25","1"
"39.166","-120.1488","2016-05-03T00:00","PM2.5","16","1"
"48.3645","-120.1211","2016-05-03T00:00","PM2.5","11","1"
"46.32033","-119.9981","2016-05-03T00:00","PM2.5","7","1"
"34.445301","-119.827797","2016-05-03T00:00","PM2.5","45","1"
"39.525082","-119.807716","2016-05-03T00:00","PM2.5","32","1"
"36.785378","-119.773206","2016-05-03T00:00","PM2.5","16","1"
"39.144804","-119.766409","2016-05-03T00:00","PM2.5","-999","0"
"39.540916","-119.746758","2016-05-03T00:00","PM2.5","7","1"
"38.897611","-119.732101","2016-05-03T00:00","PM2.5","20","1"
"37.7486","-119.5869","2016-05-03T00:00","PM2.5","35","1"
"48.39999","-119.518959","2016-05-03T00:00","PM2.5","14","1"
"36.3322","-119.2903","2016-05-03T00:00","PM2.5","28","1"
"47.1303","-119.2726","2016-05-03T00:00","PM2.5","11","1"
"46.2183","-119.2015","2016-05-03T00:00","PM2.5","14","1"
"34.2653","-119.1336","2016-05-03T00:00","PM2.5","55","2"
"43.58925","-119.048302","2016-05-03T00:00","PM2.5","9","1"
"35.3561","-119.0403","2016-05-03T00:00","PM2.5","20","1"
"46.5754","-119.0021","2016-05-03T00:00","PM2.5","8","1"
"48.1671","-118.974748","2016-05-03T00:00","PM2.5","15","1"
"44.417999","-118.951302","2016-05-03T00:00","PM2.5","9","1"
"36.489399","-118.826897","2016-05-03T00:00","PM2.5","13","1"
"45.652231","-118.823033","2016-05-03T00:00","PM2.5","10","1"
"34.2775","-118.6847","2016-05-03T00:00","PM2.5","57","2"
"34.1992","-118.5331","2016-05-03T00:00","PM2.5","64","2"
"34.3833","-118.5283","2016-05-03T00:00","PM2.5","24","1"
"37.3667","-118.4167","2016-05-03T00:00","PM2.5","16","1"
"47.127998","-118.381897","2016-05-03T00:00","PM2.5","10","1"
"46.0588","-118.3514","2016-05-03T00:00","PM2.5","11","1"
"37.360684","-118.330783","2016-05-03T00:00","PM2.5","8","1"
"34.0669","-118.2417","2016-05-03T00:00","PM2.5","60","2"
"33.792221","-118.175278","2016-05-03T00:00","PM2.5","57","2"
"35.0506","-118.1464","2016-05-03T00:00","PM2.5","10","1"
"34.669589","-118.130689","2016-05-03T00:00","PM2.5","17","1"
"45.339","-118.095206","2016-05-03T00:00","PM2.5","28","1"
"36.5975","-118.04","2016-05-03T00:00","PM2.5","15","1"
"47.885201","-117.988602","2016-05-03T00:00","PM2.5","13","1"
"46.318","-117.985","2016-05-03T00:00","PM2.5","11","1"
"33.82","-117.913101","2016-05-03T00:00","PM2.5","62","2"
"48.54469","-117.903222","2016-05-03T00:00","PM2.5","13","1"
"46.8153","-117.8739","2016-05-03T00:00","PM2.5","11","1"
"36.4878","-117.871","2016-05-03T00:00","PM2.5","21","1"
"34.1439","-117.8508","2016-05-03T00:00","PM2.5","65","2"
"44.78822","-117.8446","2016-05-03T00:00","PM2.5","-999","0"
"34.0986","-117.6733","2016-05-03T00:00","PM2.5","58","2"
"33.996387","-117.4925","2016-05-03T00:00","PM2.5","61","2"
"47.6997","-117.4263","2016-05-03T00:00","PM2.5","12","1"
"34.0103","-117.4258","2016-05-03T00:00","PM2.5","66","2"
"33.217026","-117.396156","2016-05-03T00:00","PM2.5","55","2"
"47.2313","-117.3685","2016-05-03T00:00","PM2.5","11","1"
"47.672501","-117.364899","2016-05-03T00:00","PM2.5","30","1"
"33.6747","-117.3358","2016-05-03T00:00","PM2.5","34","1"
"34.24139","-117.275558","2016-05-03T00:00","PM2.5","8","1"
"46.7245","-117.1801","2016-05-03T00:00","PM2.5","14","1"
"32.701492","-117.149651","2016-05-03T00:00","PM2.5","53","2"
"47.660568","-117.084503","2016-05-03T00:00","PM2.5","19","1"
"33.583099","-117.072197","2016-05-03T00:00","PM2.5","42","1"
"46.425598","-117.059799","2016-05-03T00:00","PM2.5","15","1"
"46.408501","-116.991402","2016-05-03T00:00","PM2.5","8","1"
"32.579361","-116.929486","2016-05-03T00:00","PM2.5","65","2"
"47.3386","-116.885902","2016-05-03T00:00","PM2.5","18","1"
"33.9278","-116.8733","2016-05-03T00:00","PM2.5","3","1"
"46.397202","-116.806198","2016-05-03T00:00","PM2.5","9","1"
"47.7889","-116.8044","2016-05-03T00:00","PM2.5","10","1"
"32.842297","-116.768326","2016-05-03T00:00","PM2.5","64","2"
"43.58031","-116.562676","2016-05-03T00:00","PM2.5","18","1"
"48.291821","-116.556557","2016-05-03T00:00","PM2.5","9","1"
"46.3349","-116.535797","2016-05-03T00:00","PM2.5","20","1"
"48.705551","-116.368965","2016-05-03T00:00","PM2.5","20","1"
"43.600699","-116.347853","2016-05-03T00:00","PM2.5","8","1"
"47.536712","-116.236867","2016-05-03T00:00","PM2.5","-999","0"
"45.931301","-116.115196","2016-05-03T00:00","PM2.5","11","1"
"46.2094","-116.027496","2016-05-03T00:00","PM2.5","40","1"
"44.104498","-115.972386","2016-05-03T00:00","PM2.5","18","1"
"43.823017","-115.838557","2016-05-03T00:00","PM2.5","5","1"
"48.3841","-115.548","2016-05-03T00:00","PM2.5","8","1"
"33.2136","-115.5444","2016-05-03T00:00","PM2.5","48","1"
"32.6336","-115.5042","2016-05-03T00:00","PM2.5","31","1"
"32.676102","-115.483299","2016-05-03T00:00","PM2.5","23","1"
"32.6292","-115.4469","2016-05-03T00:00","PM2.5","22","1"
"36.357778","-115.361389","2016-05-03T00:00","PM2.5","-999","0"
"35.785672","-115.357047","2016-05-03T00:00","PM2.5","14","1"
"36.191261","-115.122931","2016-05-03T00:00","PM2.5","2","1"
"36.163958","-115.113917","2016-05-03T00:00","PM2.5","13","1"
"36.141894","-115.078725","2016-05-03T00:00","PM2.5","19","1"
"36.048739","-115.052881","2016-05-03T00:00","PM2.5","8","1"
"42.565089","-114.494717","2016-05-03T00:00","PM2.5","9","1"
"42.68","-114.2525","2016-05-03T00:00","PM2.5","3","1"
"47.012907","-114.224273","2016-05-03T00:00","PM2.5","22","1"
"48.363694","-114.189272","2016-05-03T00:00","PM2.5","-999","0"
"46.243621","-114.158889","2016-05-03T00:00","PM2.5","7","1"
"46.842297","-114.020549","2016-05-03T00:00","PM2.5","11","1"
"45.178699","-113.892998","2016-05-03T00:00","PM2.5","13","1"
"34.243889","-113.558611","2016-05-03T00:00","PM2.5","-999","0"
"47.17563","-113.476182","2016-05-03T00:00","PM2.5","37","1"
"46.002399","-112.500893","2016-05-03T00:00","PM2.5","6","1"
"42.876701","-112.460297","2016-05-03T00:00","PM2.5","13","1"
"42.589833","-112.458889","2016-05-03T00:00","PM2.5","28","1"
"40.600556","-112.355","2016-05-03T00:00","PM2.5","9","1"
"33.5694","-112.1915","2016-05-03T00:00","PM2.5","22","1"
"33.483799","-112.142601","2016-05-03T00:00","PM2.5","28","1"
"33.503601","-112.095001","2016-05-03T00:00","PM2.5","23","1"
"33.4033","-112.0731","2016-05-03T00:00","PM2.5","29","1"
"33.560299","-112.066299","2016-05-03T00:00","PM2.5","23","1"
"43.4683","-112.053101","2016-05-03T00:00","PM2.5","20","1"
"40.496408","-112.036305","2016-05-03T00:00","PM2.5","18","1"
"41.492802","-112.0187","2016-05-03T00:00","PM2.5","6","1"
"46.6588","-112.0131","2016-05-03T00:00","PM2.5","7","1"
"46.8505","-111.987164","2016-05-03T00:00","PM2.5","8","1"
"41.206402","-111.975197","2016-05-03T00:00","PM2.5","8","1"
"33.3961","-111.968","2016-05-03T00:00","PM2.5","26","1"
"33.4124","-111.9347","2016-05-03T00:00","PM2.5","24","1"
"40.897999","-111.885498","2016-05-03T00:00","PM2.5","7","1"
"40.733501","-111.871696","2016-05-03T00:00","PM2.5","8","1"
"33.4105","-111.8651","2016-05-03T00:00","PM2.5","24","1"
"42.013333","-111.80916","2016-05-03T00:00","PM2.5","19","1"
"40.3414","-111.7136","2016-05-03T00:00","PM2.5","23","1"
"40.253502","-111.6632","2016-05-03T00:00","PM2.5","13","1"
"47.494318","-111.303317","2016-05-03T00:00","PM2.5","22","1"
"32.3806","-111.1272","2016-05-03T00:00","PM2.5","32","1"
"45.683765","-111.056282","2016-05-03T00:00","PM2.5","54","2"
"31.8794","-110.9964","2016-05-03T00:00","PM2.5","15","1"
"32.2953","-110.9822","2016-05-03T00:00","PM2.5","16","1"
"32.1731","-110.9797","2016-05-03T00:00","PM2.5","37","1"
"32.25","-110.9667","2016-05-03T00:00","PM2.5","40","1"
"31.337204","-110.936722","2016-05-03T00:00","PM2.5","25","1"
"40.2943","-110.009","2016-05-03T00:00","PM2.5","8","1"
"42.8698","-109.8708","2016-05-03T00:00","PM2.5","12","1"
"31.3492","-109.539683","2016-05-03T00:00","PM2.5","19","1"
"47.048537","-109.455315","2016-05-03T00:00","PM2.5","3","1"
"40.086941","-108.761002","2016-05-03T00:00","PM2.5","30","1"
"39.063599","-108.561096","2016-05-03T00:00","PM2.5","7","1"
"45.782181","-108.511528","2016-05-03T00:00","PM2.5","11","1"
"38.739213","-108.073118","2016-05-03T00:00","PM2.5","19","1"
"37.10258","-107.870219","2016-05-03T00:00","PM2.5","39","1"
"48.317507","-107.862471","2016-05-03T00:00","PM2.5","5","1"
"39.531799","-107.782303","2016-05-03T00:00","PM2.5","12","1"
"35.0186","-106.651901","2016-05-03T00:00","PM2.5","15","1"
"35.1353","-106.584702","2016-05-03T00:00","PM2.5","12","1"
"31.7961","-106.5839","2016-05-03T00:00","PM2.5","7","1"
"35.185","-106.5077","2016-05-03T00:00","PM2.5","23","1"
"31.768056","-106.501111","2016-05-03T00:00","PM2.5","30","1"
"45.366151","-106.48982","2016-05-03T00:00","PM2.5","26","1"
"31.7656","-106.455","2016-05-03T00:00","PM2.5","44","1"
"31.7467","-106.402802","2016-05-03T00:00","PM2.5","29","1"
"31.66752","-106.28774","2016-05-03T00:00","PM2.5","16","1"
"35.6198","-106.0797","2016-05-03T00:00","PM2.5","2","1"
"36.3833","-105.5833","2016-05-03T00:00","PM2.5","8","1"
"45.440295","-105.37028","2016-05-03T00:00","PM2.5","42","1"
"40.0128","-105.2667","2016-05-03T00:00","PM2.5","20","1"
"40.164585","-105.100861","2016-05-03T00:00","PM2.5","23","1"
"40.571259","-105.079765","2016-05-03T00:00","PM2.5","6","1"
"39.7794","-105.00523","2016-05-03T00:00","PM2.5","28","1"
"39.751099","-104.987198","2016-05-03T00:00","PM2.5","30","1"
"38.848","-104.8286","2016-05-03T00:00","PM2.5","8","1"
"40.4147","-104.7061","2016-05-03T00:00","PM2.5","23","1"
"42.209167","-104.548611","2016-05-03T00:00","PM2.5","17","1"
"47.803421","-104.485619","2016-05-03T00:00","PM2.5","34","1"
"48.152822","-103.639583","2016-05-03T00:00","PM2.5","4","1"
"43.557613","-103.483658","2016-05-03T00:00","PM2.5","10","1"
"44.087397","-103.273777","2016-05-03T00:00","PM2.5","26","1"
"47.6011","-103.2642","2016-05-03T00:00","PM2.5","24","1"
"29.3025","-103.178101","2016-05-03T00:00","PM2.5","18","1"
"47.320301","-102.526398","2016-05-03T00:00","PM2.5","28","1"
"48.641899","-102.402199","2016-05-03T00:00","PM2.5","16","1"
"31.8367","-102.3419","2016-05-03T00:00","PM2.5","17","1"
"31.870253","-102.334756","2016-05-03T00:00","PM2.5","13","1"
"43.746944","-101.941109","2016-05-03T00:00","PM2.5","3","1"
"35.2006","-101.9083","2016-05-03T00:00","PM2.5","14","1"
"47.2986","-101.7669","2016-05-03T00:00","PM2.5","9","1"
"47.1858","-101.4281","2016-05-03T00:00","PM2.5","9","1"
"46.8253","-100.7681","2016-05-03T00:00","PM2.5","0","1"
"25.78343","-100.58587","2016-05-03T00:00","PM2.5","4","1"
"25.675","-100.45833","2016-05-03T00:00","PM2.5","46","1"
"44.373786","-100.287269","2016-05-03T00:00","PM2.5","13","1"
"25.745","-100.25472","2016-05-03T00:00","PM2.5","4","1"
"25.66833","-100.24833","2016-05-03T00:00","PM2.5","40","1"
"25.64611","-100.09556","2016-05-03T00:00","PM2.5","13","1"
"38.7703","-99.7636","2016-05-03T00:00","PM2.5","21","1"
"27.5994","-99.5333","2016-05-03T00:00","PM2.5","13","1"
"36.1589","-98.9353","2016-05-03T00:00","PM2.5","8","1"
"29.514999","-98.620003","2016-05-03T00:00","PM2.5","5","1"
"29.423933","-98.580505","2016-05-03T00:00","PM2.5","8","1"
"29.332803","-98.551396","2016-05-03T00:00","PM2.5","12","1"
"34.632999","-98.428802","2016-05-03T00:00","PM2.5","13","1"
"29.35291","-98.332838","2016-05-03T00:00","PM2.5","13","1"
"29.5875","-98.3122","2016-05-03T00:00","PM2.5","9","1"
"26.226226","-98.29107","2016-05-03T00:00","PM2.5","28","1"
"30.483168","-97.8723","2016-05-03T00:00","PM2.5","6","1"
"30.3542","-97.760002","2016-05-03T00:00","PM2.5","13","1"
"30.2633","-97.7131","2016-05-03T00:00","PM2.5","16","1"
"25.8925","-97.4936","2016-05-03T00:00","PM2.5","23","1"
"35.32","-97.4883","2016-05-03T00:00","PM2.5","20","1"
"34.256901","-97.474197","2016-05-03T00:00","PM2.5","10","1"
"35.612801","-97.472198","2016-05-03T00:00","PM2.5","7","1"
"27.811814","-97.4657","2016-05-03T00:00","PM2.5","15","1"
"32.7592","-97.3414","2016-05-03T00:00","PM2.5","11","1"
"27.4269","-97.2986","2016-05-03T00:00","PM2.5","12","1"
"33.1944","-97.1933","2016-05-03T00:00","PM2.5","17","1"
"26.0733","-97.1667","2016-05-03T00:00","PM2.5","18","1"
"44.89965","-97.128802","2016-05-03T00:00","PM2.5","12","1"
"35.4884","-97.090278","2016-05-03T00:00","PM2.5","10","1"
"32.6558","-97.0886","2016-05-03T00:00","PM2.5","7","1"
"36.697189","-97.081278","2016-05-03T00:00","PM2.5","5","1"
"32.482081","-97.026922","2016-05-03T00:00","PM2.5","16","1"
"46.933601","-96.854698","2016-05-03T00:00","PM2.5","23","1"
"44.348604","-96.807299","2016-05-03T00:00","PM2.5","16","1"
"29.962474","-96.745875","2016-05-03T00:00","PM2.5","10","1"
"42.751518","-96.707208","2016-05-03T00:00","PM2.5","12","1"
"43.54792","-96.700768","2016-05-03T00:00","PM2.5","6","1"
"40.8125","-96.683098","2016-05-03T00:00","PM2.5","35","1"
"35.9525","-96.0033","2016-05-03T00:00","PM2.5","13","1"
"36.206699","-95.976402","2016-05-03T00:00","PM2.5","12","1"
"41.2474","-95.9731","2016-05-03T00:00","PM2.5","23","1"
"41.133317","-95.956078","2016-05-03T00:00","PM2.5","28","1"
"36.908115","-95.88235","2016-05-03T00:00","PM2.5","37","1"
"46.8511","-95.8467","2016-05-03T00:00","PM2.5","6","1"
"44.4572","-95.835","2016-05-03T00:00","PM2.5","12","1"
"34.906082","-95.794128","2016-05-03T00:00","PM2.5","8","1"
"30.3503","-95.425","2016-05-03T00:00","PM2.5","13","1"
"29.9011","-95.3261","2016-05-03T00:00","PM2.5","16","1"
"29.7339","-95.2575","2016-05-03T00:00","PM2.5","24","1"
"29.7681","-95.2206","2016-05-03T00:00","PM2.5","20","1"
"30.0583","-95.1897","2016-05-03T00:00","PM2.5","15","1"
"29.670025","-95.128508","2016-05-03T00:00","PM2.5","56","2"
"40.970001","-95.044998","2016-05-03T00:00","PM2.5","21","1"
"29.7708","-95.0311","2016-05-03T00:00","PM2.5","15","1"
"47.878159","-95.029172","2016-05-03T00:00","PM2.5","17","1"
"29.5831","-95.0156","2016-05-03T00:00","PM2.5","25","1"
"39.741667","-94.858333","2016-05-03T00:00","PM2.5","20","1"
"29.2631","-94.8564","2016-05-03T00:00","PM2.5","72","2"
"43.123299","-94.693298","2016-05-03T00:00","PM2.5","16","1"
"38.75976","-94.57997","2016-05-03T00:00","PM2.5","14","1"
"39.104722","-94.570556","2016-05-03T00:00","PM2.5","27","1"
"35.408138","-94.524414","2016-05-03T00:00","PM2.5","20","1"
"39.047911","-94.450513","2016-05-03T00:00","PM2.5","23","1"
"39.303056","-94.376389","2016-05-03T00:00","PM2.5","17","1"
"29.863952","-94.3178","2016-05-03T00:00","PM2.5","13","1"
"32.6706","-94.1681","2016-05-03T00:00","PM2.5","21","1"
"46.3944","-94.1433","2016-05-03T00:00","PM2.5","25","1"
"45.55","-94.1333","2016-05-03T00:00","PM2.5","18","1"
"36.1797","-94.1167","2016-05-03T00:00","PM2.5","20","1"
"33.435489","-94.075671","2016-05-03T00:00","PM2.5","10","1"
"37.70097","-94.03474","2016-05-03T00:00","PM2.5","8","1"
"29.9219","-93.9139","2016-05-03T00:00","PM2.5","14","1"
"30.18","-93.8731","2016-05-03T00:00","PM2.5","10","1"
"32.5364","-93.7492","2016-05-03T00:00","PM2.5","35","1"
"41.6031","-93.643303","2016-05-03T00:00","PM2.5","28","1"
"37.256069","-93.299692","2016-05-03T00:00","PM2.5","13","1"
"44.706123","-93.285803","2016-05-03T00:00","PM2.5","3","1"
"30.2625","-93.285","2016-05-03T00:00","PM2.5","24","1"
"44.9536","-93.2581","2016-05-03T00:00","PM2.5","20","1"
"44.9653","-93.2551","2016-05-03T00:00","PM2.5","35","1"
"44.7383","-93.2372","2016-05-03T00:00","PM2.5","24","1"
"45.1425","-93.2139","2016-05-03T00:00","PM2.5","15","1"
"44.973096","-93.199879","2016-05-03T00:00","PM2.5","15","1"
"44.9594","-93.0356","2016-05-03T00:00","PM2.5","17","1"
"33.215","-92.6689","2016-05-03T00:00","PM2.5","23","1"
"47.5212","-92.5393","2016-05-03T00:00","PM2.5","1","1"
"46.713694","-92.511722","2016-05-03T00:00","PM2.5","17","1"
"43.9947","-92.4497","2016-05-03T00:00","PM2.5","13","1"
"34.6811","-92.3283","2016-05-03T00:00","PM2.5","25","1"
"42.5014","-92.315804","2016-05-03T00:00","PM2.5","29","1"
"34.7561","-92.2758","2016-05-03T00:00","PM2.5","18","1"
"46.743889","-92.166946","2016-05-03T00:00","PM2.5","12","1"
"30.2258","-92.042801","2016-05-03T00:00","PM2.5","-999","0"
"40.693298","-92.006104","2016-05-03T00:00","PM2.5","38","1"
"41.9767","-91.6878","2016-05-03T00:00","PM2.5","44","1"
"41.97677","-91.68766","2016-05-03T00:00","PM2.5","27","1"
"41.658195","-91.503471","2016-05-03T00:00","PM2.5","22","1"
"47.9464","-91.4953","2016-05-03T00:00","PM2.5","15","1"
"44.761398","-91.413002","2016-05-03T00:00","PM2.5","3","1"
"43.7781","-91.225","2016-05-03T00:00","PM2.5","6","1"
"30.4622","-91.1769","2016-05-03T00:00","PM2.5","51","2"
"41.4014","-91.0684","2016-05-03T00:00","PM2.5","34","1"
"30.315","-90.8114","2016-05-03T00:00","PM2.5","45","1"
"29.7639","-90.7653","2016-05-03T00:00","PM2.5","42","1"
"42.692131","-90.696373","2016-05-03T00:00","PM2.5","26","1"
"41.512032","-90.624016","2016-05-03T00:00","PM2.5","25","1"
"45.2039","-90.6","2016-05-03T00:00","PM2.5","30","1"
"41.529999","-90.587502","2016-05-03T00:00","PM2.5","41","1"
"38.448581","-90.398436","2016-05-03T00:00","PM2.5","12","1"
"38.650259","-90.350463","2016-05-03T00:00","PM2.5","18","1"
"38.631057","-90.281144","2016-05-03T00:00","PM2.5","10","1"
"30.0411","-90.2728","2016-05-03T00:00","PM2.5","30","1"
"38.5425","-90.263611","2016-05-03T00:00","PM2.5","13","1"
"32.346905","-90.225928","2016-05-03T00:00","PM2.5","23","1"
"41.823101","-90.211899","2016-05-03T00:00","PM2.5","54","2"
"30.4293","-90.1997","2016-05-03T00:00","PM2.5","41","1"
"38.656449","-90.198548","2016-05-03T00:00","PM2.5","17","1"
"35.1967","-90.1911","2016-05-03T00:00","PM2.5","45","1"
"38.65643","-90.18977","2016-05-03T00:00","PM2.5","14","1"
"41.875","-90.177498","2016-05-03T00:00","PM2.5","34","1"
"38.7045","-90.1397","2016-05-03T00:00","PM2.5","8","1"
"29.9933","-90.1014","2016-05-03T00:00","PM2.5","52","2"
"34.8275","-89.9889","2016-05-03T00:00","PM2.5","34","1"
"29.9431","-89.9761","2016-05-03T00:00","PM2.5","50","1"
"35.151588","-89.85022","2016-05-03T00:00","PM2.5","28","1"
"47.9721","-89.6908","2016-05-03T00:00","PM2.5","30","1"
"43.4356","-89.6803","2016-05-03T00:00","PM2.5","18","1"
"40.6978","-89.5889","2016-05-03T00:00","PM2.5","21","1"
"43.1008","-89.3572","2016-05-03T00:00","PM2.5","22","1"
"31.322779","-89.287498","2016-05-03T00:00","PM2.5","32","1"
"30.39","-89.0497","2016-05-03T00:00","PM2.5","40","1"
"39.8669","-88.9256","2016-05-03T00:00","PM2.5","52","2"
"45.5639","-88.81","2016-05-03T00:00","PM2.5","12","1"
"35.6567","-88.8092","2016-05-03T00:00","PM2.5","23","1"
"43.46611","-88.621109","2016-05-03T00:00","PM2.5","22","1"
"44.3069","-88.3956","2016-05-03T00:00","PM2.5","23","1"
"40.052241","-88.372549","2016-05-03T00:00","PM2.5","24","1"
"32.36253","-88.27792","2016-05-03T00:00","PM2.5","-999","0"
"42.2211","-88.2411","2016-05-03T00:00","PM2.5","20","1"
"43.0203","-88.215","2016-05-03T00:00","PM2.5","8","1"
"41.2222","-88.1906","2016-05-03T00:00","PM2.5","19","1"
"30.7697","-88.0875","2016-05-03T00:00","PM2.5","35","1"
"44.5167","-87.9939","2016-05-03T00:00","PM2.5","2","1"
"43.0178","-87.9333","2016-05-03T00:00","PM2.5","13","1"
"42.930569","-87.932106","2016-05-03T00:00","PM2.5","20","1"
"42.5047","-87.8111","2016-05-03T00:00","PM2.5","-999","0"
"43.4981","-87.81","2016-05-03T00:00","PM2.5","-999","0"
"41.864329","-87.748826","2016-05-03T00:00","PM2.5","13","1"
"41.6708","-87.7325","2016-05-03T00:00","PM2.5","21","1"
"41.7547","-87.7136","2016-05-03T00:00","PM2.5","26","1"
"38.0133","-87.5772","2016-05-03T00:00","PM2.5","21","1"
"37.8714","-87.4633","2016-05-03T00:00","PM2.5","20","1"
"39.4861","-87.4014","2016-05-03T00:00","PM2.5","25","1"
"36.5144","-87.3278","2016-05-03T00:00","PM2.5","28","1"
"41.6067","-87.3047","2016-05-03T00:00","PM2.5","15","1"
"30.525","-87.204399","2016-05-03T00:00","PM2.5","33","1"
"41.6175","-87.1992","2016-05-03T00:00","PM2.5","12","1"
"37.7808","-87.0756","2016-05-03T00:00","PM2.5","28","1"
"30.3942","-87.0081","2016-05-03T00:00","PM2.5","28","1"
"33.3311","-87.0036","2016-05-03T00:00","PM2.5","32","1"
"34.5286","-86.9706","2016-05-03T00:00","PM2.5","15","1"
"33.8017","-86.9425","2016-05-03T00:00","PM2.5","22","1"
"33.4997","-86.9242","2016-05-03T00:00","PM2.5","37","1"
"40.4316","-86.8525","2016-05-03T00:00","PM2.5","8","1"
"33.3864","-86.8167","2016-05-03T00:00","PM2.5","34","1"
"33.5531","-86.815","2016-05-03T00:00","PM2.5","35","1"
"33.565278","-86.796389","2016-05-03T00:00","PM2.5","36","1"
"36.1767","-86.7386","2016-05-03T00:00","PM2.5","30","1"
"36.2975","-86.6525","2016-05-03T00:00","PM2.5","23","1"
"34.6917","-86.591698","2016-05-03T00:00","PM2.5","33","1"
"39.159372","-86.504747","2016-05-03T00:00","PM2.5","11","1"
"32.4069","-86.2564","2016-05-03T00:00","PM2.5","15","1"
"37.04926","-86.21487","2016-05-03T00:00","PM2.5","42","1"
"39.7889","-86.2147","2016-05-03T00:00","PM2.5","5","1"
"41.6967","-86.2147","2016-05-03T00:00","PM2.5","30","1"
"37.1314","-86.1481","2016-05-03T00:00","PM2.5","18","1"
"39.787933","-86.13088","2016-05-03T00:00","PM2.5","10","1"
"39.8108","-86.1147","2016-05-03T00:00","PM2.5","11","1"
"40.481349","-86.109718","2016-05-03T00:00","PM2.5","43","1"
"41.656944","-85.96833","2016-05-03T00:00","PM2.5","14","1"
"46.2889","-85.9503","2016-05-03T00:00","PM2.5","18","1"
"39.960884","-85.939546","2016-05-03T00:00","PM2.5","6","1"
"38.0608","-85.8961","2016-05-03T00:00","PM2.5","37","1"
"39.237457","-85.891332","2016-05-03T00:00","PM2.5","26","1"
"37.7064","-85.8517","2016-05-03T00:00","PM2.5","51","2"
"38.3081","-85.8342","2016-05-03T00:00","PM2.5","19","1"
"38.2317","-85.8156","2016-05-03T00:00","PM2.5","29","1"
"30.128901","-85.738098","2016-05-03T00:00","PM2.5","32","1"
"42.984699","-85.671097","2016-05-03T00:00","PM2.5","24","1"
"38.2286","-85.6544","2016-05-03T00:00","PM2.5","18","1"
"40.125557","-85.652222","2016-05-03T00:00","PM2.5","16","1"
"41.169722","-85.629444","2016-05-03T00:00","PM2.5","10","1"
"30.8475","-85.6044","2016-05-03T00:00","PM2.5","40","1"
"38.1372","-85.5783","2016-05-03T00:00","PM2.5","33","1"
"42.2781","-85.5419","2016-05-03T00:00","PM2.5","18","1"
"34.9789","-85.3009","2016-05-03T00:00","PM2.5","25","1"
"35.0508","-85.2931","2016-05-03T00:00","PM2.5","22","1"
"41.094965","-85.101816","2016-05-03T00:00","PM2.5","28","1"
"33.9283","-85.0453","2016-05-03T00:00","PM2.5","41","1"
"32.5214","-84.9436","2016-05-03T00:00","PM2.5","27","1"
"44.3106","-84.891899","2016-05-03T00:00","PM2.5","35","1"
"33.4039","-84.7461","2016-05-03T00:00","PM2.5","27","1"
"39.83562","-84.72049","2016-05-03T00:00","PM2.5","25","1"
"39.21494","-84.69086","2016-05-03T00:00","PM2.5","20","1"
"35.4511","-84.5992","2016-05-03T00:00","PM2.5","25","1"
"35.9386","-84.5439","2016-05-03T00:00","PM2.5","20","1"
"42.737499","-84.536102","2016-05-03T00:00","PM2.5","19","1"
"39.12886","-84.50404","2016-05-03T00:00","PM2.5","22","1"
"38.065","-84.5","2016-05-03T00:00","PM2.5","16","1"
"39.0217","-84.4744","2016-05-03T00:00","PM2.5","37","1"
"39.478849","-84.407675","2016-05-03T00:00","PM2.5","37","1"
"39.472436","-84.394952","2016-05-03T00:00","PM2.5","46","1"
"39.2787","-84.36612","2016-05-03T00:00","PM2.5","24","1"
"33.7206","-84.3578","2016-05-03T00:00","PM2.5","29","1"
"46.5331","-84.3094","2016-05-03T00:00","PM2.5","12","1"
"33.6906","-84.2731","2016-05-03T00:00","PM2.5","8","1"
"39.42689","-84.20077","2016-05-03T00:00","PM2.5","21","1"
"39.758235","-84.197375","2016-05-03T00:00","PM2.5","23","1"
"30.0842","-84.1617","2016-05-03T00:00","PM2.5","29","1"
"33.4347","-84.1617","2016-05-03T00:00","PM2.5","28","1"
"39.0828","-84.1441","2016-05-03T00:00","PM2.5","42","1"
"33.9636","-84.0664","2016-05-03T00:00","PM2.5","32","1"
"40.771","-84.0539","2016-05-03T00:00","PM2.5","8","1"
"41.995602","-83.946701","2016-05-03T00:00","PM2.5","19","1"
"35.6322","-83.9422","2016-05-03T00:00","PM2.5","25","1"
"35.7683","-83.9422","2016-05-03T00:00","PM2.5","30","1"
"35.9803","-83.9306","2016-05-03T00:00","PM2.5","52","2"
"43.5714","-83.8908","2016-05-03T00:00","PM2.5","20","1"
"39.80834","-83.88711","2016-05-03T00:00","PM2.5","18","1"
"39.92882","-83.80949","2016-05-03T00:00","PM2.5","13","1"
"43.0289","-83.669403","2016-05-03T00:00","PM2.5","17","1"
"42.24","-83.5997","2016-05-03T00:00","PM2.5","20","1"
"32.6056","-83.5979","2016-05-03T00:00","PM2.5","49","1"
"32.8031","-83.5447","2016-05-03T00:00","PM2.5","25","1"
"38.79471","-83.533988","2016-05-03T00:00","PM2.5","29","1"
"35.4356","-83.4436","2016-05-03T00:00","PM2.5","30","1"
"34.805","-83.237503","2016-05-03T00:00","PM2.5","38","1"
"37.2831","-83.2203","2016-05-03T00:00","PM2.5","20","1"
"42.2283","-83.2092","2016-05-03T00:00","PM2.5","30","1"
"42.3075","-83.15","2016-05-03T00:00","PM2.5","25","1"
"42.3231","-83.0689","2016-05-03T00:00","PM2.5","31","1"
"42.3144","-83.0433","2016-05-03T00:00","PM2.5","25","1"
"40.002734","-82.994404","2016-05-03T00:00","PM2.5","5","1"
"40.0845","-82.81552","2016-05-03T00:00","PM2.5","11","1"
"30.4264","-82.7947","2016-05-03T00:00","PM2.5","35","1"
"27.7858","-82.74","2016-05-03T00:00","PM2.5","26","1"
"28.0903","-82.7008","2016-05-03T00:00","PM2.5","43","1"
"38.508114","-82.659301","2016-05-03T00:00","PM2.5","18","1"
"28.958372","-82.643094","2016-05-03T00:00","PM2.5","43","1"
"38.4592","-82.6339","2016-05-03T00:00","PM2.5","31","1"
"30.1783","-82.6192","2016-05-03T00:00","PM2.5","46","1"
"35.6075","-82.5833","2016-05-03T00:00","PM2.5","46","1"
"27.8928","-82.5383","2016-05-03T00:00","PM2.5","44","1"
"37.4828","-82.5353","2016-05-03T00:00","PM2.5","24","1"
"36.5408","-82.5217","2016-05-03T00:00","PM2.5","24","1"
"27.2906","-82.5072","2016-05-03T00:00","PM2.5","50","1"
"42.9533","-82.4564","2016-05-03T00:00","PM2.5","17","1"
"27.779712","-82.419835","2016-05-03T00:00","PM2.5","45","1"
"34.843899","-82.414597","2016-05-03T00:00","PM2.5","42","1"
"27.0892","-82.3625","2016-05-03T00:00","PM2.5","54","2"
"27.57311","-82.2817","2016-05-03T00:00","PM2.5","45","1"
"42.4033","-82.2086","2016-05-03T00:00","PM2.5","32","1"
"27.5792","-82.1383","2016-05-03T00:00","PM2.5","45","1"
"29.170799","-82.1008","2016-05-03T00:00","PM2.5","50","1"
"33.4333","-82.0219","2016-05-03T00:00","PM2.5","34","1"
"28.0294","-81.9719","2016-05-03T00:00","PM2.5","38","1"
"34.955601","-81.924797","2016-05-03T00:00","PM2.5","76","2"
"41.0604","-81.9239","2016-05-03T00:00","PM2.5","27","1"
"26.6028","-81.8789","2016-05-03T00:00","PM2.5","50","1"
"33.7397","-81.8536","2016-05-03T00:00","PM2.5","36","1"
"43.3306","-81.7425","2016-05-03T00:00","PM2.5","8","1"
"26.2992","-81.72","2016-05-03T00:00","PM2.5","50","1"
"41.492191","-81.678552","2016-05-03T00:00","PM2.5","42","1"
"44.2994","-81.5753","2016-05-03T00:00","PM2.5","12","1"
"30.62673","-81.53597","2016-05-03T00:00","PM2.5","41","1"
"41.063526","-81.468956","2016-05-03T00:00","PM2.5","23","1"
"40.800797","-81.372853","2016-05-03T00:00","PM2.5","7","1"
"35.73","-81.37","2016-05-03T00:00","PM2.5","53","2"
"28.5997","-81.3628","2016-05-03T00:00","PM2.5","58","2"
"41.726811","-81.242156","2016-05-03T00:00","PM2.5","24","1"
"42.974461","-81.200858","2016-05-03T00:00","PM2.5","19","1"
"42.6725","-81.1647","2016-05-03T00:00","PM2.5","33","1"
"34.051102","-81.154999","2016-05-03T00:00","PM2.5","52","2"
"29.2069","-81.0531","2016-05-03T00:00","PM2.5","41","1"
"46.491941","-81.003105","2016-05-03T00:00","PM2.5","25","1"
"33.007801","-80.964996","2016-05-03T00:00","PM2.5","26","1"
"35.1514","-80.8669","2016-05-03T00:00","PM2.5","28","1"
"35.2411","-80.7831","2016-05-03T00:00","PM2.5","15","1"
"39.9158","-80.7342","2016-05-03T00:00","PM2.5","31","1"
"26.724167","-80.663055","2016-05-03T00:00","PM2.5","68","2"
"41.095938","-80.658467","2016-05-03T00:00","PM2.5","25","1"
"28.0542","-80.6283","2016-05-03T00:00","PM2.5","40","1"
"40.366452","-80.615691","2016-05-03T00:00","PM2.5","47","1"
"43.4419","-80.5044","2016-05-03T00:00","PM2.5","25","1"
"41.215","-80.485","2016-05-03T00:00","PM2.5","15","1"
"25.4719","-80.4828","2016-05-03T00:00","PM2.5","53","2"
"40.4447","-80.42","2016-05-03T00:00","PM2.5","37","1"
"36.0261","-80.3419","2016-05-03T00:00","PM2.5","30","1"
"40.747799","-80.316704","2016-05-03T00:00","PM2.5","8","1"
"43.1403","-80.2961","2016-05-03T00:00","PM2.5","31","1"
"39.82","-80.2897","2016-05-03T00:00","PM2.5","-999","0"
"35.8142","-80.2633","2016-05-03T00:00","PM2.5","45","1"
"40.17","-80.2617","2016-05-03T00:00","PM2.5","16","1"
"26.054047","-80.257608","2016-05-03T00:00","PM2.5","26","1"
"27.172459","-80.240692","2016-05-03T00:00","PM2.5","52","2"
"36.1106","-80.2267","2016-05-03T00:00","PM2.5","31","1"
"25.7947","-80.2156","2016-05-03T00:00","PM2.5","52","2"
"34.615299","-80.198898","2016-05-03T00:00","PM2.5","30","1"
"26.131256","-80.167847","2016-05-03T00:00","PM2.5","59","2"
"45.3378","-80.0378","2016-05-03T00:00","PM2.5","19","1"
"42.1428","-80.0372","2016-05-03T00:00","PM2.5","16","1"
"40.4656","-79.9611","2016-05-03T00:00","PM2.5","14","1"
"32.791","-79.959","2016-05-03T00:00","PM2.5","25","1"
"40.1469","-79.9033","2016-05-03T00:00","PM2.5","27","1"
"40.437431","-79.863572","2016-05-03T00:00","PM2.5","19","1"
"35.2632","-79.8635","2016-05-03T00:00","PM2.5","1","1"
"43.2561","-79.8617","2016-05-03T00:00","PM2.5","32","1"
"36.1092","-79.8011","2016-05-03T00:00","PM2.5","17","1"
"34.2143","-79.7673","2016-05-03T00:00","PM2.5","63","2"
"40.8142","-79.565","2016-05-03T00:00","PM2.5","10","1"
"40.3053","-79.5061","2016-05-03T00:00","PM2.5","7","1"
"46.3175","-79.4453","2016-05-03T00:00","PM2.5","13","1"
"44.3922","-79.3922","2016-05-03T00:00","PM2.5","20","1"
"43.6619","-79.3853","2016-05-03T00:00","PM2.5","18","1"
"35.4325","-79.2887","2016-05-03T00:00","PM2.5","20","1"
"43.1583","-79.235","2016-05-03T00:00","PM2.5","10","1"
"39.705799","-79.011902","2016-05-03T00:00","PM2.5","8","1"
"35.041401","-78.953102","2016-05-03T00:00","PM2.5","10","1"
"45.2211","-78.9314","2016-05-03T00:00","PM2.5","8","1"
"40.3097","-78.9158","2016-05-03T00:00","PM2.5","18","1"
"35.9919","-78.8964","2016-05-03T00:00","PM2.5","34","1"
"35.889402","-78.8747","2016-05-03T00:00","PM2.5","37","1"
"35.856098","-78.574203","2016-05-03T00:00","PM2.5","42","1"
"38.076599","-78.503998","2016-05-03T00:00","PM2.5","26","1"
"38.5231","-78.4347","2016-05-03T00:00","PM2.5","23","1"
"40.515","-78.3889","2016-05-03T00:00","PM2.5","22","1"
"44.3","-78.35","2016-05-03T00:00","PM2.5","33","1"
"39.282799","-78.081398","2016-05-03T00:00","PM2.5","33","1"
"40.8114","-77.8769","2016-05-03T00:00","PM2.5","25","1"
"39.565601","-77.721901","2016-05-03T00:00","PM2.5","10","1"
"35.9889","-77.5867","2016-05-03T00:00","PM2.5","7","1"
"37.55652","-77.40027","2016-05-03T00:00","PM2.5","28","1"
"44.1503","-77.3956","2016-05-03T00:00","PM2.5","32","1"
"39.9233","-77.3081","2016-05-03T00:00","PM2.5","50","1"
"40.2464","-77.1867","2016-05-03T00:00","PM2.5","65","2"
"38.771702","-77.108902","2016-05-03T00:00","PM2.5","27","1"
"39.114399","-77.106903","2016-05-03T00:00","PM2.5","38","1"
"38.894749","-76.953427","2016-05-03T00:00","PM2.5","32","1"
"39.055302","-76.878304","2016-05-03T00:00","PM2.5","41","1"
"40.246992","-76.846988","2016-05-03T00:00","PM2.5","72","2"
"39.143197","-76.846192","2016-05-03T00:00","PM2.5","60","2"
"39.9653","-76.6994","2016-05-03T00:00","PM2.5","64","2"
"39.462002","-76.631599","2016-05-03T00:00","PM2.5","43","1"
"39.2981","-76.604698","2016-05-03T00:00","PM2.5","37","1"
"44.219867","-76.521128","2016-05-03T00:00","PM2.5","20","1"
"41.705226","-76.512726","2016-05-03T00:00","PM2.5","17","1"
"37.103683","-76.386948","2016-05-03T00:00","PM2.5","35","1"
"40.33733","-76.383446","2016-05-03T00:00","PM2.5","69","2"
"39.41","-76.2967","2016-05-03T00:00","PM2.5","21","1"
"38.5876","-76.1408","2016-05-03T00:00","PM2.5","55","2"
"40.0439","-76.1125","2016-05-03T00:00","PM2.5","57","2"
"39.701099","-75.860001","2016-05-03T00:00","PM2.5","36","1"
"39.305199","-75.797203","2016-05-03T00:00","PM2.5","35","1"
"45.4322","-75.6764","2016-05-03T00:00","PM2.5","30","1"
"41.4428","-75.6231","2016-05-03T00:00","PM2.5","8","1"
"38.6444","-75.6131","2016-05-03T00:00","PM2.5","23","1"
"39.7394","-75.5581","2016-05-03T00:00","PM2.5","55","2"
"39.818715","-75.413973","2016-05-03T00:00","PM2.5","49","1"
"39.8356","-75.3725","2016-05-03T00:00","PM2.5","60","2"
"40.6281","-75.3411","2016-05-03T00:00","PM2.5","56","2"
"41.083099","-75.3283","2016-05-03T00:00","PM2.5","23","1"
"39.934446","-75.125291","2016-05-03T00:00","PM2.5","58","2"
"39.991389","-75.080833","2016-05-03T00:00","PM2.5","42","1"
"40.924606","-75.067825","2016-05-03T00:00","PM2.5","44","1"
"39.422272","-75.0252","2016-05-03T00:00","PM2.5","36","1"
"40.515251","-74.806755","2016-05-03T00:00","PM2.5","49","1"
"40.283092","-74.742645","2016-05-03T00:00","PM2.5","40","1"
"45.0294","-74.7394","2016-05-03T00:00","PM2.5","19","1"
"44.980598","-74.695297","2016-05-03T00:00","PM2.5","20","1"
"46.035","-74.4819","2016-05-03T00:00","PM2.5","40","1"
"39.46487","-74.448738","2016-05-03T00:00","PM2.5","65","2"
"40.462181","-74.429436","2016-05-03T00:00","PM2.5","43","1"
"40.603943","-74.276176","2016-05-03T00:00","PM2.5","42","1"
"40.641441","-74.208366","2016-05-03T00:00","PM2.5","43","1"
"40.720989","-74.192894","2016-05-03T00:00","PM2.5","52","2"
"40.725452","-74.052292","2016-05-03T00:00","PM2.5","52","2"
"45.54271","-73.57176","2016-05-03T00:00","PM2.5","18","1"
"45.60185","-73.54197","2016-05-03T00:00","PM2.5","21","1"
"41.4014","-73.4447","2016-05-03T00:00","PM2.5","42","1"
"41.833099","-73.303299","2016-05-03T00:00","PM2.5","-999","0"
"42.4478","-73.2547","2016-05-03T00:00","PM2.5","6","1"
"42.887501","-73.249702","2016-05-03T00:00","PM2.5","9","1"
"44.476101","-73.210297","2016-05-03T00:00","PM2.5","13","1"
"41.171398","-73.195297","2016-05-03T00:00","PM2.5","66","2"
"43.608528","-72.98246","2016-05-03T00:00","PM2.5","7","1"
"41.3011","-72.9028","2016-05-03T00:00","PM2.5","53","2"
"44.528389","-72.868973","2016-05-03T00:00","PM2.5","0","1"
"41.771444","-72.679923","2016-05-03T00:00","PM2.5","43","1"
"46.0419","-72.66","2016-05-03T00:00","PM2.5","8","1"
"41.7847","-72.6297","2016-05-03T00:00","PM2.5","25","1"
"42.605816","-72.596689","2016-05-03T00:00","PM2.5","10","1"
"42.1086","-72.5911","2016-05-03T00:00","PM2.5","13","1"
"46.35","-72.4333","2016-05-03T00:00","PM2.5","4","1"
"42.298302","-72.334396","2016-05-03T00:00","PM2.5","-999","0"
"43.627399","-72.310204","2016-05-03T00:00","PM2.5","-999","0"
"42.930599","-72.277802","2016-05-03T00:00","PM2.5","0","1"
"41.3536","-72.0789","2016-05-03T00:00","PM2.5","29","1"
"42.8619","-71.8789","2016-05-03T00:00","PM2.5","1","1"
"42.263901","-71.794701","2016-05-03T00:00","PM2.5","9","1"
"41.615","-71.7197","2016-05-03T00:00","PM2.5","5","1"
"41.4942","-71.4219","2016-05-03T00:00","PM2.5","13","1"
"41.829495","-71.417457","2016-05-03T00:00","PM2.5","33","1"
"41.8081","-71.415","2016-05-03T00:00","PM2.5","26","1"
"42.862537","-71.380173","2016-05-03T00:00","PM2.5","6","1"
"41.840302","-71.361702","2016-05-03T00:00","PM2.5","10","1"
"41.6833","-71.169701","2016-05-03T00:00","PM2.5","25","1"
"42.7708","-71.1028","2016-05-03T00:00","PM2.5","8","1"
"42.325197","-71.056056","2016-05-03T00:00","PM2.5","24","1"
"42.3631","-71.0542","2016-05-03T00:00","PM2.5","38","1"
"42.065119","-71.012686","2016-05-03T00:00","PM2.5","13","1"
"42.474701","-70.971901","2016-05-03T00:00","PM2.5","4","1"
"43.075367","-70.748014","2016-05-03T00:00","PM2.5","0","1"
"44.5514","-70.5463","2016-05-03T00:00","PM2.5","12","1"
"43.660248","-70.268967","2016-05-03T00:00","PM2.5","28","1"
"44.798859","-68.769676","2016-05-03T00:00","PM2.5","14","1"
"44.377048","-68.260902","2016-05-03T00:00","PM2.5","14","1"
"46.6964","-68.033096","2016-05-03T00:00","PM2.5","25","1"
"46.682299","-68.016195","2016-05-03T00:00","PM2.5","22","1"
"46.228731","-67.882566","2016-05-03T00:00","PM2.5","18","1"
"45.0892","-67.0786","2016-05-03T00:00","PM2.5","23","1"
 